,URL
0,https://www.binance.com/zh-CN/nft/collection/bored-ape-yacht-club-505570382194139137?isBack=1
1,https://www.binance.com/zh-CN/nft/collection/mutant-ape-yacht-club-505303452945186817?isBack=1
2,https://www.binance.com/zh-CN/nft/collection/azuki-elementals-726319061462085633?isBack=1
3,https://www.binance.com/zh-CN/nft/collection/azuki-566536999900893185?isBack=1
4,https://www.binance.com/zh-CN/nft/collection/the-captainz-664106493958045697?isBack=1
5,https://www.binance.com/zh-CN/nft/collection/azuki-elemental-beans-726020668084563969?isBack=1
6,https://www.binance.com/zh-CN/nft/collection/degods-694369170047053825?isBack=1
7,https://www.binance.com/zh-CN/nft/collection/hvmtl-688529436169109505?isBack=1
8,https://www.binance.com/zh-CN/nft/collection/opepen-edition-668545431091167233?isBack=1
9,https://www.binance.com/zh-CN/nft/collection/nakamigos-690968054768242689?isBack=1
10,https://www.binance.com/zh-CN/nft/collection/you-the-real-mvp-673263989768339457?isBack=1
11,https://www.binance.com/zh-CN/nft/collection/mutant-hounds-666139648539058177?isBack=1
12,https://www.binance.com/zh-CN/nft/collection/beanz-official-641881145226350593?isBack=1
13,https://www.binance.com/zh-CN/nft/collection/emblem-vault-ethereum-657544888991608833?isBack=1
14,https://www.binance.com/zh-CN/nft/collection/otherdeed-expanded-696173597875834881?isBack=1
15,https://www.binance.com/zh-CN/nft/collection/moonbirds-569066442241241089?isBack=1
16,https://www.binance.com/zh-CN/nft/collection/otherdeed-for-otherside-641881071684722689?isBack=1
17,https://www.binance.com/zh-CN/nft/collection/clone-x--x-takashi-murakami-533652760429920257?isBack=1
18,https://www.binance.com/zh-CN/nft/collection/10ktf-kagami-673739544435376129?isBack=1
19,https://www.binance.com/zh-CN/nft/collection/cryptopunks-v1-wrapped-642015690732118017?isBack=1
20,https://www.binance.com/zh-CN/nft/collection/otherside-vessels-696169778363047937?isBack=1
21,https://www.binance.com/zh-CN/nft/collection/the-potatoz-627028585490763776?isBack=1
22,https://www.binance.com/zh-CN/nft/collection/mfers-619382785107288064?isBack=1
23,https://www.binance.com/zh-CN/nft/collection/cool-cats-nft-619803992157577216?isBack=1
24,https://www.binance.com/zh-CN/nft/collection/the-sandbox-688009096191889409?isBack=1
25,https://www.binance.com/zh-CN/nft/collection/0n1-force-642353810240229377?isBack=1
26,https://www.binance.com/zh-CN/nft/collection/checks--vv-edition-667186315421179905?isBack=1
27,https://www.binance.com/zh-CN/nft/collection/renga-640789951180509185?isBack=1
28,https://www.binance.com/zh-CN/nft/collection/decentraland-719528038916497409?isBack=1
29,https://www.binance.com/zh-CN/nft/collection/sakura-park-713001948289314817?isBack=1
30,https://www.binance.com/zh-CN/nft/collection/otherside-koda-696226439345848321?isBack=1
31,https://www.binance.com/zh-CN/nft/collection/beeple--springsummer-collection-2021-673188481902641153?isBack=1
32,https://www.binance.com/zh-CN/nft/collection/doodles-533647159874920449?isBack=1
33,https://www.binance.com/zh-CN/nft/collection/topia-worlds-707124470859243521?isBack=1
34,https://www.binance.com/zh-CN/nft/collection/kanpai-pandas-668552893376839681?isBack=1
35,https://www.binance.com/zh-CN/nft/collection/onchainmonkey-657544860888612865?isBack=1
36,https://www.binance.com/zh-CN/nft/collection/world-of-women-533653360898895873?isBack=1
37,https://www.binance.com/zh-CN/nft/collection/a-kid-called-beast-667186301852073985?isBack=1
38,https://www.binance.com/zh-CN/nft/collection/my-pet-hooligan-640787533660295169?isBack=1
39,https://www.binance.com/zh-CN/nft/collection/lil-pudgys-528399448512405505?isBack=1
40,https://www.binance.com/zh-CN/nft/collection/pudgy-penguins-507850950909366272?isBack=1
41,https://www.binance.com/zh-CN/nft/collection/kubz-662917212174016513?isBack=1
42,https://www.binance.com/zh-CN/nft/collection/the-grapes-716286080416743425?isBack=1
43,https://www.binance.com/zh-CN/nft/collection/qql-717437428240666625?isBack=1
44,https://www.binance.com/zh-CN/nft/collection/6sixty6-727444594413465601?isBack=1
45,https://www.binance.com/zh-CN/nft/collection/invisible-friends-634313675174981632?isBack=1
46,https://www.binance.com/zh-CN/nft/collection/valhalla-663727015325208577?isBack=1
47,https://www.binance.com/zh-CN/nft/collection/rektguy-640795517396324353?isBack=1
48,https://www.binance.com/zh-CN/nft/collection/osfs-red-lite-district-691757054999789569?isBack=1
49,https://www.binance.com/zh-CN/nft/collection/proof-collective-627042275642937344?isBack=1
50,https://www.binance.com/zh-CN/nft/collection/kandyland-696739778014744576?isBack=1
51,https://www.binance.com/zh-CN/nft/collection/milady-maker-640794577033273345?isBack=1
52,https://www.binance.com/zh-CN/nft/collection/moonbirds-oddities-640787409953398785?isBack=1
53,https://www.binance.com/zh-CN/nft/collection/mythics-eggs-700476954766405633?isBack=1
54,https://www.binance.com/zh-CN/nft/collection/ocm-karma-676155436712349697?isBack=1
55,https://www.binance.com/zh-CN/nft/collection/alpha-prestige--fusionist-657077061126041600?isBack=1
56,https://www.binance.com/zh-CN/nft/collection/streets-of-milady-712896234071597057?isBack=1
57,https://www.binance.com/zh-CN/nft/collection/meebits-620207919082143744?isBack=1
58,https://www.binance.com/zh-CN/nft/collection/live-like-a-cat-neko-no-youni-ikiru-662916098190897153?isBack=1
59,https://www.binance.com/zh-CN/nft/collection/bored-ape-kennel-club-641881108745592833?isBack=1
60,https://www.binance.com/zh-CN/nft/collection/the-baby-bears-683463602966974465?isBack=1
61,https://www.binance.com/zh-CN/nft/collection/genuine-undead-640795709716135937?isBack=1
62,https://www.binance.com/zh-CN/nft/collection/chimpers-640793893793828865?isBack=1
63,https://www.binance.com/zh-CN/nft/collection/pixelmon--generation-1-657544850517258241?isBack=1
64,https://www.binance.com/zh-CN/nft/collection/10ktf-combat-gear-693734996173975553?isBack=1
65,https://www.binance.com/zh-CN/nft/collection/alts-by-adidas-692844154568654849?isBack=1
66,https://www.binance.com/zh-CN/nft/collection/redacted-remilio-babies-668643429774356481?isBack=1
67,https://www.binance.com/zh-CN/nft/collection/murakamiflowers-official-627028020862181376?isBack=1
68,https://www.binance.com/zh-CN/nft/collection/sapienz-716214397726560257?isBack=1
69,https://www.binance.com/zh-CN/nft/collection/mutant-hound-collars-666461563333992449?isBack=1
70,https://www.binance.com/zh-CN/nft/collection/rtfkt-animus-egg-%F0%9F%A5%9A-668560421432160257?isBack=1
71,https://www.binance.com/zh-CN/nft/collection/treeverse-plots-640790042729156609?isBack=1
72,https://www.binance.com/zh-CN/nft/collection/sacred-shard-720004323239616513?isBack=1
73,https://www.binance.com/zh-CN/nft/collection/laelaps-master-key-728663895304290305?isBack=1
74,https://www.binance.com/zh-CN/nft/collection/sproto-gremlins-716712639836319745?isBack=1
75,https://www.binance.com/zh-CN/nft/collection/cyberbrokers-657544894347276289?isBack=1
76,https://www.binance.com/zh-CN/nft/collection/mocaverse-687588315884740608?isBack=1
77,https://www.binance.com/zh-CN/nft/collection/matr1x-2061-679892531327184897?isBack=1
78,https://www.binance.com/zh-CN/nft/collection/seizon-685539739877101569?isBack=1
79,https://www.binance.com/zh-CN/nft/collection/kpr-664790673723109376?isBack=1
80,https://www.binance.com/zh-CN/nft/collection/ff6000-716769258414362625?isBack=1
81,https://www.binance.com/zh-CN/nft/collection/supreme-kong-709664957206892545?isBack=1
82,https://www.binance.com/zh-CN/nft/collection/apes-together-strong-official-nft-722827944283975681?isBack=1
83,https://www.binance.com/zh-CN/nft/collection/cool-pets-nft-641884737966493697?isBack=1
84,https://www.binance.com/zh-CN/nft/collection/grids-by-tristan-rettich-722257919101411329?isBack=1
85,https://www.binance.com/zh-CN/nft/collection/digidaigaku-genesis-619471501388189696?isBack=1
86,https://www.binance.com/zh-CN/nft/collection/lasercat-nft-674166151014014977?isBack=1
87,https://www.binance.com/zh-CN/nft/collection/porsch%CE%BE-911-671240551700250624?isBack=1
88,https://www.binance.com/zh-CN/nft/collection/ether-capsule-727180356926107649?isBack=1
89,https://www.binance.com/zh-CN/nft/collection/utility-wen-724994704956518401?isBack=1
90,https://www.binance.com/zh-CN/nft/collection/the-shiboshis-505017035629338625?isBack=1
91,https://www.binance.com/zh-CN/nft/collection/killabits-672327761946296321?isBack=1
92,https://www.binance.com/zh-CN/nft/collection/impatient-tiger-social-club-716724021103349761?isBack=1
93,https://www.binance.com/zh-CN/nft/collection/impostors-genesis-aliens-642015686716870657?isBack=1
94,https://www.binance.com/zh-CN/nft/collection/rota-official-726293264382074881?isBack=1
95,https://www.binance.com/zh-CN/nft/collection/hedz-by-matt-furie-680270075322966017?isBack=1
96,https://www.binance.com/zh-CN/nft/collection/%E5%A6%82%E6%9C%88kisaragi-685355480636813313?isBack=1
97,https://www.binance.com/zh-CN/nft/collection/muri-by-haus-642015700591411201?isBack=1
98,https://www.binance.com/zh-CN/nft/collection/azra-games--the-hopeful-679979349445599233?isBack=1
99,https://www.binance.com/zh-CN/nft/collection/doggies--dogpad-finance-684222372811517953?isBack=1
100,https://www.binance.com/zh-CN/nft/collection/loyal-ff6000-716856138620145665?isBack=1
101,https://www.binance.com/zh-CN/nft/collection/mavia-land-nfts-548137737250500609?isBack=1
102,https://www.binance.com/zh-CN/nft/collection/alphasharks-nft-641541818994561025?isBack=1
103,https://www.binance.com/zh-CN/nft/collection/synthetic-dreams-by-refik-anadol-689352368417947649?isBack=1
104,https://www.binance.com/zh-CN/nft/collection/boringpunks-721189637568483329?isBack=1
105,https://www.binance.com/zh-CN/nft/collection/crypto-citizens-673509380117258241?isBack=1
106,https://www.binance.com/zh-CN/nft/collection/beanbag-frens-675083356690358273?isBack=1
107,https://www.binance.com/zh-CN/nft/collection/deepblack-679526418496618497?isBack=1
108,https://www.binance.com/zh-CN/nft/collection/cornerstone-noza-crystals-714878067214647297?isBack=1
109,https://www.binance.com/zh-CN/nft/collection/eon-rift-genesis-718860527940493313?isBack=1
110,https://www.binance.com/zh-CN/nft/collection/alpha-gardeners-pass-700809155462754305?isBack=1
111,https://www.binance.com/zh-CN/nft/collection/metakozo-official-696524671350542337?isBack=1
112,https://www.binance.com/zh-CN/nft/collection/ninja-squad-official-668567990451990529?isBack=1
113,https://www.binance.com/zh-CN/nft/collection/meta-kongz-official-668696383854305281?isBack=1
114,https://www.binance.com/zh-CN/nft/collection/highrise-land-720566787352911873?isBack=1
115,https://www.binance.com/zh-CN/nft/collection/shadow-wolves-701575475086712833?isBack=1
116,https://www.binance.com/zh-CN/nft/collection/627eea-727557842970275841?isBack=1
117,https://www.binance.com/zh-CN/nft/collection/real-vision-pro-crypto-genesis-collection-674898482030112769?isBack=1
118,https://www.binance.com/zh-CN/nft/collection/pixelady-maker-697430585308545025?isBack=1
119,https://www.binance.com/zh-CN/nft/collection/helix-founder-pass-official-678609111079796737?isBack=1
120,https://www.binance.com/zh-CN/nft/collection/ekos-genesis-art-collection-709657409197584385?isBack=1
121,https://www.binance.com/zh-CN/nft/collection/inhabitants-generative-identities-metahero-640787498925871105?isBack=1
122,https://www.binance.com/zh-CN/nft/collection/sybil-samurai-718218804508082177?isBack=1
123,https://www.binance.com/zh-CN/nft/collection/fellowship-patron-pass-688804996042100737?isBack=1
124,https://www.binance.com/zh-CN/nft/collection/hape-prime-641881164930973697?isBack=1
125,https://www.binance.com/zh-CN/nft/collection/shib-yard-692561053879234561?isBack=1
126,https://www.binance.com/zh-CN/nft/collection/preludes-by-trevor-paglen-696045259064676353?isBack=1
127,https://www.binance.com/zh-CN/nft/collection/booost-tzrkt-726972737201741825?isBack=1
128,https://www.binance.com/zh-CN/nft/collection/10ktf-gucci-grail-641541742638796801?isBack=1
129,https://www.binance.com/zh-CN/nft/collection/meta-mansions-by-keys-718860537461886977?isBack=1
130,https://www.binance.com/zh-CN/nft/collection/the-weirdo-ghost-gang-675547673394700289?isBack=1
131,https://www.binance.com/zh-CN/nft/collection/link3-mystery-box-703930993480359936?isBack=1
132,https://www.binance.com/zh-CN/nft/collection/gazer--abyss-world-691534316043534337?isBack=1
133,https://www.binance.com/zh-CN/nft/collection/a-r-c-h-e-t-y-p-e-s-668575480687779841?isBack=1
134,https://www.binance.com/zh-CN/nft/collection/space-riders-nft-698608342117175296?isBack=1
135,https://www.binance.com/zh-CN/nft/collection/forgotten-runes-wizards-cult-640790782302818305?isBack=1
136,https://www.binance.com/zh-CN/nft/collection/sappy-seals-640794269434580993?isBack=1
137,https://www.binance.com/zh-CN/nft/collection/defi-apes-668462295482458113?isBack=1
138,https://www.binance.com/zh-CN/nft/collection/hydro-whales-mining-club-official-672573187165339649?isBack=1
139,https://www.binance.com/zh-CN/nft/collection/cryptodickbutts-627032334865633280?isBack=1
140,https://www.binance.com/zh-CN/nft/collection/doge-clubdogc-687566851593273345?isBack=1
141,https://www.binance.com/zh-CN/nft/collection/jrny-club-640789969316401153?isBack=1
142,https://www.binance.com/zh-CN/nft/collection/goosea-673864166138224640?isBack=1
143,https://www.binance.com/zh-CN/nft/collection/distortion-genesis-675645802564743169?isBack=1
144,https://www.binance.com/zh-CN/nft/collection/akumu-dragonz-641539623063953409?isBack=1
145,https://www.binance.com/zh-CN/nft/collection/god-hates-nftees-676373325896073217?isBack=1
146,https://www.binance.com/zh-CN/nft/collection/murmur-cats-706301544847519745?isBack=1
147,https://www.binance.com/zh-CN/nft/collection/the-plooshies-693946372919484417?isBack=1
148,https://www.binance.com/zh-CN/nft/collection/dragonflies-hiroshima-nft-622370923369361408?isBack=1
149,https://www.binance.com/zh-CN/nft/collection/forgotten-souls-708049357059010561?isBack=1
150,https://www.binance.com/zh-CN/nft/collection/neostackey-671738852639821825?isBack=1
151,https://www.binance.com/zh-CN/nft/collection/bulls-and-apes-project--genesis-669179531569815553?isBack=1
152,https://www.binance.com/zh-CN/nft/collection/reepz-703398655788212225?isBack=1
153,https://www.binance.com/zh-CN/nft/collection/finiliar-680024655797747713?isBack=1
154,https://www.binance.com/zh-CN/nft/collection/smowl-694048329110061057?isBack=1
155,https://www.binance.com/zh-CN/nft/collection/ey3k0n-first-edition-687355472286384129?isBack=1
156,https://www.binance.com/zh-CN/nft/collection/io-imaginary-ones-640791002639015937?isBack=1
157,https://www.binance.com/zh-CN/nft/collection/bit-bears-by-berachain-674456824367611905?isBack=1
158,https://www.binance.com/zh-CN/nft/collection/lobsterdao-694637221591457793?isBack=1
159,https://www.binance.com/zh-CN/nft/collection/digidaigaku-heroes-673033633995489281?isBack=1
160,https://www.binance.com/zh-CN/nft/collection/cornerstone-companions-721450098975662081?isBack=1
161,https://www.binance.com/zh-CN/nft/collection/silks-thoroughbred-racehorses-706690351146930177?isBack=1
162,https://www.binance.com/zh-CN/nft/collection/paravault-697136203886186497?isBack=1
163,https://www.binance.com/zh-CN/nft/collection/killer-gf-642015680912232449?isBack=1
164,https://www.binance.com/zh-CN/nft/collection/undeads-mystery-boxes-686256971120279553?isBack=1
165,https://www.binance.com/zh-CN/nft/collection/plur-official-679628338930384897?isBack=1
166,https://www.binance.com/zh-CN/nft/collection/pg-gen-2-641536392614187009?isBack=1
167,https://www.binance.com/zh-CN/nft/collection/netvrk-land-641539663701049345?isBack=1
168,https://www.binance.com/zh-CN/nft/collection/bulls-and-apes-project--apes-716138905157103617?isBack=1
169,https://www.binance.com/zh-CN/nft/collection/mind-the-gap-by-mountvitruvius-713035915081605121?isBack=1
170,https://www.binance.com/zh-CN/nft/collection/kamitsubaki-resident-genesisofficial-691832605833854977?isBack=1
171,https://www.binance.com/zh-CN/nft/collection/the-seekers-680738105300852737?isBack=1
172,https://www.binance.com/zh-CN/nft/collection/psychedelics-anonymous-genesis-641884786855084033?isBack=1
173,https://www.binance.com/zh-CN/nft/collection/ape-reunion-668492452010029057?isBack=1
174,https://www.binance.com/zh-CN/nft/collection/mutantcats-640787549332799489?isBack=1
175,https://www.binance.com/zh-CN/nft/collection/kawamii-teens-720445978477879297?isBack=1
176,https://www.binance.com/zh-CN/nft/collection/boringnakas-727002936895008769?isBack=1
177,https://www.binance.com/zh-CN/nft/collection/pixelmon-trainers--generation-1-697041778276491265?isBack=1
178,https://www.binance.com/zh-CN/nft/collection/bytegans-680100142748258304?isBack=1
179,https://www.binance.com/zh-CN/nft/collection/proof-of-narnian-nft-727950441136037889?isBack=1
180,https://www.binance.com/zh-CN/nft/collection/lost-miners-of-the-ether-677597444803051521?isBack=1
181,https://www.binance.com/zh-CN/nft/collection/grandpa-ape-country-club-641541791807508481?isBack=1
182,https://www.binance.com/zh-CN/nft/collection/tcg-dragon-cave-club-716916543233720321?isBack=1
183,https://www.binance.com/zh-CN/nft/collection/wolf-game-657479379810689025?isBack=1
184,https://www.binance.com/zh-CN/nft/collection/ins1d3rs-724390726423212033?isBack=1
185,https://www.binance.com/zh-CN/nft/collection/schizoposters-684886681928876033?isBack=1
186,https://www.binance.com/zh-CN/nft/collection/kitaro-world-official-662917558008311809?isBack=1
187,https://www.binance.com/zh-CN/nft/collection/big-inc-724779535031967745?isBack=1
188,https://www.binance.com/zh-CN/nft/collection/sewer-pass-668273480974286849?isBack=1
189,https://www.binance.com/zh-CN/nft/collection/full-send-metacard-nft-640789993330089985?isBack=1
190,https://www.binance.com/zh-CN/nft/collection/the-art-pass-by-iconic-moments-691047461567537153?isBack=1
191,https://www.binance.com/zh-CN/nft/collection/punks-comic-505405646093127681?isBack=1
192,https://www.binance.com/zh-CN/nft/collection/echo-key-by-zero-point-671598488103759873?isBack=1
193,https://www.binance.com/zh-CN/nft/collection/influence-asteroids-672327747964325889?isBack=1
194,https://www.binance.com/zh-CN/nft/collection/moonie-moo-genesis-685343451895611393?isBack=1
195,https://www.binance.com/zh-CN/nft/collection/spirit-dao-comic-issue-1-716338963492237313?isBack=1
196,https://www.binance.com/zh-CN/nft/collection/zokus-by-chainzoku-718951148480499713?isBack=1
197,https://www.binance.com/zh-CN/nft/collection/attic-novel-nft-716165303338618881?isBack=1
198,https://www.binance.com/zh-CN/nft/collection/metasamurai--official-668598200259469313?isBack=1
199,https://www.binance.com/zh-CN/nft/collection/moar-by-joan-cornella-640793830018322433?isBack=1
200,https://www.binance.com/zh-CN/nft/collection/maschine-718883179645968385?isBack=1
201,https://www.binance.com/zh-CN/nft/collection/xtreme-pixels-717135422970871809?isBack=1
202,https://www.binance.com/zh-CN/nft/collection/rug-radio--genesis-nft-640793984944443393?isBack=1
203,https://www.binance.com/zh-CN/nft/collection/escape-by-iskra-velitchkova-714175986194313217?isBack=1
204,https://www.binance.com/zh-CN/nft/collection/mongs-nft-703704419233050625?isBack=1
205,https://www.binance.com/zh-CN/nft/collection/scapes-on-ethereum-673950995020054529?isBack=1
206,https://www.binance.com/zh-CN/nft/collection/digimonkz-genesis-675555305228402689?isBack=1
207,https://www.binance.com/zh-CN/nft/collection/foundation-fnd-705497537243451393?isBack=1
208,https://www.binance.com/zh-CN/nft/collection/mad-about-crypto-streetart-680428574012747777?isBack=1
209,https://www.binance.com/zh-CN/nft/collection/mafia-nuts-719472077487300609?isBack=1
210,https://www.binance.com/zh-CN/nft/collection/fragments-by-james-jean-681342140462223361?isBack=1
211,https://www.binance.com/zh-CN/nft/collection/lil-nouns-685830451155816449?isBack=1
212,https://www.binance.com/zh-CN/nft/collection/racer-club-fan-pass-701059818185932800?isBack=1
213,https://www.binance.com/zh-CN/nft/collection/0xmahjong-714704464079671297?isBack=1
214,https://www.binance.com/zh-CN/nft/collection/yayo-nft-713870172117823489?isBack=1
215,https://www.binance.com/zh-CN/nft/collection/gemesis-695709251536801793?isBack=1
216,https://www.binance.com/zh-CN/nft/collection/grails-iii-669232363882831873?isBack=1
217,https://www.binance.com/zh-CN/nft/collection/overworld--genesis-keys-697577839028080641?isBack=1
218,https://www.binance.com/zh-CN/nft/collection/bored--dangerous-716391777390219265?isBack=1
219,https://www.binance.com/zh-CN/nft/collection/gh0stly-gh0sts-eth-566162957453008897?isBack=1
220,https://www.binance.com/zh-CN/nft/collection/genesis-dimensional-stones-685890812013064193?isBack=1
221,https://www.binance.com/zh-CN/nft/collection/createra-genesis-land-666823917726756865?isBack=1
222,https://www.binance.com/zh-CN/nft/collection/knights-of-degen-704036623398526977?isBack=1
223,https://www.binance.com/zh-CN/nft/collection/yaypegs-662917746812416001?isBack=1
224,https://www.binance.com/zh-CN/nft/collection/10ktf-640793942991622145?isBack=1
225,https://www.binance.com/zh-CN/nft/collection/end-of-sartoshi--eos-pass-693338630591410177?isBack=1
226,https://www.binance.com/zh-CN/nft/collection/lofi-pepe-707347171547164673?isBack=1
227,https://www.binance.com/zh-CN/nft/collection/ordinal-bears-677216154388353025?isBack=1
228,https://www.binance.com/zh-CN/nft/collection/fancy-bears-metaverse-576663131907645441?isBack=1
229,https://www.binance.com/zh-CN/nft/collection/nifty-league-degens-640795357860663297?isBack=1
230,https://www.binance.com/zh-CN/nft/collection/onchainbirds-687329023374249984?isBack=1
231,https://www.binance.com/zh-CN/nft/collection/midnightbreeze-694674937912438785?isBack=1
232,https://www.binance.com/zh-CN/nft/collection/premint-collector-pass--official-640790873721868289?isBack=1
233,https://www.binance.com/zh-CN/nft/collection/ofriends-679077171125026817?isBack=1
234,https://www.binance.com/zh-CN/nft/collection/official-wagmi-army-702790944214114305?isBack=1
235,https://www.binance.com/zh-CN/nft/collection/life-in-japan-2-704119665805373441?isBack=1
236,https://www.binance.com/zh-CN/nft/collection/wonderpals-640794455237775361?isBack=1
237,https://www.binance.com/zh-CN/nft/collection/facetsx-by-xcopy--spell-704776505456209921?isBack=1
238,https://www.binance.com/zh-CN/nft/collection/the-saudis-657544876240465921?isBack=1
239,https://www.binance.com/zh-CN/nft/collection/ledger--market-pass--genesis-edition-641541797125607425?isBack=1
240,https://www.binance.com/zh-CN/nft/collection/angry-apes-society-668507583396012033?isBack=1
241,https://www.binance.com/zh-CN/nft/collection/eightbit-me-640794845778087936?isBack=1
242,https://www.binance.com/zh-CN/nft/collection/pixl-pets--genesis-collection-641879140073607169?isBack=1
243,https://www.binance.com/zh-CN/nft/collection/the-art-of-seasons-640794260181520385?isBack=1
244,https://www.binance.com/zh-CN/nft/collection/zinus-zombie-mob-secret-society-709630983829336065?isBack=1
245,https://www.binance.com/zh-CN/nft/collection/ens-maxis-717807349905440769?isBack=1
246,https://www.binance.com/zh-CN/nft/collection/xenft-by-xen-crypto-668696373739745281?isBack=1
247,https://www.binance.com/zh-CN/nft/collection/fvckcrystal-640794021005955073?isBack=1
248,https://www.binance.com/zh-CN/nft/collection/cosmic-bloom-by-leo-villareal-686434385062531073?isBack=1
249,https://www.binance.com/zh-CN/nft/collection/tiny-dinos-eth-676215816910868481?isBack=1
250,https://www.binance.com/zh-CN/nft/collection/mindscape-by-katie-morris-697022967316697089?isBack=1
251,https://www.binance.com/zh-CN/nft/collection/nitro-collection-by-puma-672475051501375489?isBack=1
252,https://www.binance.com/zh-CN/nft/collection/enigma-economy-nft-694179683960008705?isBack=1
253,https://www.binance.com/zh-CN/nft/collection/carpetdiem-719170086935289857?isBack=1
254,https://www.binance.com/zh-CN/nft/collection/baby-doge-army-702398399172730881?isBack=1
255,https://www.binance.com/zh-CN/nft/collection/dendekaden-genesis-omikuji-672769400905154561?isBack=1
256,https://www.binance.com/zh-CN/nft/collection/gray-boys-568400688167141377?isBack=1
257,https://www.binance.com/zh-CN/nft/collection/wilder-world-641539678750429185?isBack=1
258,https://www.binance.com/zh-CN/nft/collection/the-legend-of-c%C3%B8ckpunch%E2%84%A2-695116612024999937?isBack=1
259,https://www.binance.com/zh-CN/nft/collection/the-doge-pound-657544897285107713?isBack=1
260,https://www.binance.com/zh-CN/nft/collection/mechaz-726693397464985601?isBack=1
261,https://www.binance.com/zh-CN/nft/collection/shredding-sassy-668681208940871681?isBack=1
262,https://www.binance.com/zh-CN/nft/collection/radbro-webring-685641658880053249?isBack=1
263,https://www.binance.com/zh-CN/nft/collection/imaginary-rides-709344088172728321?isBack=1
264,https://www.binance.com/zh-CN/nft/collection/muppeth-700084311252627457?isBack=1
265,https://www.binance.com/zh-CN/nft/collection/v1-phunks-717180735957700609?isBack=1
266,https://www.binance.com/zh-CN/nft/collection/ftc-official-699612458276671489?isBack=1
267,https://www.binance.com/zh-CN/nft/collection/gutter-juice-640794730878898177?isBack=1
268,https://www.binance.com/zh-CN/nft/collection/kubz-relic-666461531308388353?isBack=1
269,https://www.binance.com/zh-CN/nft/collection/sms--saishu-mirai-shoujo-691636195452862465?isBack=1
270,https://www.binance.com/zh-CN/nft/collection/cryptofish-724613440287383553?isBack=1
271,https://www.binance.com/zh-CN/nft/collection/asterfi-674234068844691457?isBack=1
272,https://www.binance.com/zh-CN/nft/collection/nft-worlds-genesis-avatars-700888436944719873?isBack=1
273,https://www.binance.com/zh-CN/nft/collection/aopanda-party-671391581947707393?isBack=1
274,https://www.binance.com/zh-CN/nft/collection/ninas-super-cool-world-641536494083903489?isBack=1
275,https://www.binance.com/zh-CN/nft/collection/khuga-by-khuga-labs-671217885017616385?isBack=1
276,https://www.binance.com/zh-CN/nft/collection/inft-personality-pod-by-alethea-ai-675056967933947905?isBack=1
277,https://www.binance.com/zh-CN/nft/collection/todem-by-jason-salavon-716395589909434369?isBack=1
278,https://www.binance.com/zh-CN/nft/collection/white-hearts-10-711299475324014593?isBack=1
279,https://www.binance.com/zh-CN/nft/collection/mini-koye-719675923154935809?isBack=1
280,https://www.binance.com/zh-CN/nft/collection/babypepes-726882138560962561?isBack=1
281,https://www.binance.com/zh-CN/nft/collection/genesis-the-girls-of-armament-640795779628310529?isBack=1
282,https://www.binance.com/zh-CN/nft/collection/ides-of-march-by-andrew-strauss-x-p4stoboy-715912418337177601?isBack=1
283,https://www.binance.com/zh-CN/nft/collection/brainzbridge-721359495871930369?isBack=1
284,https://www.binance.com/zh-CN/nft/collection/merge-vv-671772778938806273?isBack=1
285,https://www.binance.com/zh-CN/nft/collection/flokitars-727161493191376897?isBack=1
286,https://www.binance.com/zh-CN/nft/collection/everdome-genesis-collection-706663925080973313?isBack=1
287,https://www.binance.com/zh-CN/nft/collection/poap-713553095776669697?isBack=1
288,https://www.binance.com/zh-CN/nft/collection/impact-theory-founders-key-708460820123758592?isBack=1
289,https://www.binance.com/zh-CN/nft/collection/eponym-by-art-ai-641541736074616833?isBack=1
290,https://www.binance.com/zh-CN/nft/collection/timeless-characters-697011633871130625?isBack=1
291,https://www.binance.com/zh-CN/nft/collection/ordinal-kubz-685341461071519745?isBack=1
292,https://www.binance.com/zh-CN/nft/collection/boki-640794305951211520?isBack=1
293,https://www.binance.com/zh-CN/nft/collection/figuregot-714206183998279681?isBack=1
294,https://www.binance.com/zh-CN/nft/collection/ape-hater-club-674007519236481025?isBack=1
295,https://www.binance.com/zh-CN/nft/collection/the-ordinal-war-678224045979291649?isBack=1
296,https://www.binance.com/zh-CN/nft/collection/themafiaanimalssoldiers-693670858459467777?isBack=1
297,https://www.binance.com/zh-CN/nft/collection/jenkins-the-valet-the-writers-room-640795677239857153?isBack=1
298,https://www.binance.com/zh-CN/nft/collection/concealed-code-the-puzzle-of-provenance-725874247658741761?isBack=1
299,https://www.binance.com/zh-CN/nft/collection/cryptoninja-world-687553656853745665?isBack=1
300,https://www.binance.com/zh-CN/nft/collection/megaforce-sentinels-696347242464088065?isBack=1
301,https://www.binance.com/zh-CN/nft/collection/helix--parallel-city-land-692021201366544385?isBack=1
302,https://www.binance.com/zh-CN/nft/collection/fat-rat-mafia-712194114647633921?isBack=1
303,https://www.binance.com/zh-CN/nft/collection/aidotruth-aidoge-719138903050674176?isBack=1
304,https://www.binance.com/zh-CN/nft/collection/the-bakery-genesis-700771389802242049?isBack=1
305,https://www.binance.com/zh-CN/nft/collection/tableland-rigs-692930993550815233?isBack=1
306,https://www.binance.com/zh-CN/nft/collection/tubby-cats-640787480769007617?isBack=1
307,https://www.binance.com/zh-CN/nft/collection/fvckavatar-725308016576151553?isBack=1
308,https://www.binance.com/zh-CN/nft/collection/byoland-641536425320873985?isBack=1
309,https://www.binance.com/zh-CN/nft/collection/bears-deluxe-642015731377602561?isBack=1
310,https://www.binance.com/zh-CN/nft/collection/fiatworks-3000-719811813712158721?isBack=1
311,https://www.binance.com/zh-CN/nft/collection/mooncatz-668839733620207617?isBack=1
312,https://www.binance.com/zh-CN/nft/collection/mint-or-skip-genesis-pass-711027727284711425?isBack=1
313,https://www.binance.com/zh-CN/nft/collection/the-humanoids-545918119424368641?isBack=1
314,https://www.binance.com/zh-CN/nft/collection/xcmg-for-real-709653687211728897?isBack=1
315,https://www.binance.com/zh-CN/nft/collection/articulations-of-identity-717799806731997185?isBack=1
316,https://www.binance.com/zh-CN/nft/collection/we-are-all-going-to-die-657544870465474561?isBack=1
317,https://www.binance.com/zh-CN/nft/collection/chipi-dinos-513543527580246017?isBack=1
318,https://www.binance.com/zh-CN/nft/collection/binary-dex-686060667337342977?isBack=1
319,https://www.binance.com/zh-CN/nft/collection/little-lemon-friends-640795726293635073?isBack=1
320,https://www.binance.com/zh-CN/nft/collection/ravendale-693191408029888513?isBack=1
321,https://www.binance.com/zh-CN/nft/collection/boss-beauties-640790011374080001?isBack=1
322,https://www.binance.com/zh-CN/nft/collection/agoria-compnd-x--l--market-696007462054907905?isBack=1
323,https://www.binance.com/zh-CN/nft/collection/metaverse-hq-641539673004511233?isBack=1
324,https://www.binance.com/zh-CN/nft/collection/diamond-exhibition-704013975403892737?isBack=1
325,https://www.binance.com/zh-CN/nft/collection/xcopy-x-iwan--scrollbidcollect-704482072446164993?isBack=1
326,https://www.binance.com/zh-CN/nft/collection/castaways--genesis-675604334531330049?isBack=1
327,https://www.binance.com/zh-CN/nft/collection/nfarcade-pass-675449542497837057?isBack=1
328,https://www.binance.com/zh-CN/nft/collection/social-bees-university-677061410975244289?isBack=1
329,https://www.binance.com/zh-CN/nft/collection/zenchests-672580661662515201?isBack=1
330,https://www.binance.com/zh-CN/nft/collection/funapes-nft-669149289953771521?isBack=1
331,https://www.binance.com/zh-CN/nft/collection/bapetaverse-641536363263467521?isBack=1
332,https://www.binance.com/zh-CN/nft/collection/gitcoin-presents-685902124487159809?isBack=1
333,https://www.binance.com/zh-CN/nft/collection/grumpls-705856142689771521?isBack=1
334,https://www.binance.com/zh-CN/nft/collection/partyicons-ogx-official-718471738255577089?isBack=1
335,https://www.binance.com/zh-CN/nft/collection/komeths-garden-point-1-686253184566231041?isBack=1
336,https://www.binance.com/zh-CN/nft/collection/digidaigaku-dragon-eggs-677306742638989313?isBack=1
337,https://www.binance.com/zh-CN/nft/collection/rstlss-x-claire-silver-pixelgeist-713938113162444801?isBack=1
338,https://www.binance.com/zh-CN/nft/collection/the-unfettered-founders-pass-nft-700744963096469505?isBack=1
339,https://www.binance.com/zh-CN/nft/collection/dooplicator-640794368545705985?isBack=1
340,https://www.binance.com/zh-CN/nft/collection/arabian-camels-594866918833971200?isBack=1
341,https://www.binance.com/zh-CN/nft/collection/tpl-revealed-mech-parts-668462285879603201?isBack=1
342,https://www.binance.com/zh-CN/nft/collection/foreverpunks-726833066366836737?isBack=1
343,https://www.binance.com/zh-CN/nft/collection/the-uncanny-country-club-582050851649953793?isBack=1
344,https://www.binance.com/zh-CN/nft/collection/execute-social-pass-673765956493287425?isBack=1
345,https://www.binance.com/zh-CN/nft/collection/cryptobatz-by-ozzy-osbourne-640787516572606465?isBack=1
346,https://www.binance.com/zh-CN/nft/collection/zombieclub-token-640790964935397377?isBack=1
347,https://www.binance.com/zh-CN/nft/collection/llamaverse-genesis-676373323469885441?isBack=1
348,https://www.binance.com/zh-CN/nft/collection/ezzybrezzy-716210604398297089?isBack=1
349,https://www.binance.com/zh-CN/nft/collection/meteorianft-693039346699407360?isBack=1
350,https://www.binance.com/zh-CN/nft/collection/super-puma-680794748646563841?isBack=1
351,https://www.binance.com/zh-CN/nft/collection/tabz-nft-662917338389839873?isBack=1
352,https://www.binance.com/zh-CN/nft/collection/crypto-coven-640795024522121217?isBack=1
353,https://www.binance.com/zh-CN/nft/collection/fables-by-metakozo-710114204736610305?isBack=1
354,https://www.binance.com/zh-CN/nft/collection/the-real-vision-collective-683191773937356801?isBack=1
355,https://www.binance.com/zh-CN/nft/collection/fluf-world-buzzies-672701452318666753?isBack=1
356,https://www.binance.com/zh-CN/nft/collection/iroiro-680647523194458113?isBack=1
357,https://www.binance.com/zh-CN/nft/collection/lonely-alien-space-club-641539564954550273?isBack=1
358,https://www.binance.com/zh-CN/nft/collection/mutant-dogemdog-688318050667155457?isBack=1
359,https://www.binance.com/zh-CN/nft/collection/akutar-576682691089682433?isBack=1
360,https://www.binance.com/zh-CN/nft/collection/beep-boop-robot-dogs-696196203455467521?isBack=1
361,https://www.binance.com/zh-CN/nft/collection/riverelysium-723545153545629697?isBack=1
362,https://www.binance.com/zh-CN/nft/collection/hexgo-673252543860637697?isBack=1
363,https://www.binance.com/zh-CN/nft/collection/heedong-698951988192530433?isBack=1
364,https://www.binance.com/zh-CN/nft/collection/code-sekai-725115499797213185?isBack=1
365,https://www.binance.com/zh-CN/nft/collection/dvda-the-cult-676350411180310529?isBack=1
366,https://www.binance.com/zh-CN/nft/collection/blackrock-724005689096728577?isBack=1
367,https://www.binance.com/zh-CN/nft/collection/kiwami-genesis-640790061683642369?isBack=1
368,https://www.binance.com/zh-CN/nft/collection/roars-704312177153159169?isBack=1
369,https://www.binance.com/zh-CN/nft/collection/genzee-701986857143132161?isBack=1
370,https://www.binance.com/zh-CN/nft/collection/kriller-717909273191645185?isBack=1
371,https://www.binance.com/zh-CN/nft/collection/3face-%7C-art-that-adapts-to-you-681421419776409601?isBack=1
372,https://www.binance.com/zh-CN/nft/collection/lil-heroes-by-edgar-plans-642015740920139777?isBack=1
373,https://www.binance.com/zh-CN/nft/collection/the-mv3-universe-722420259755503617?isBack=1
374,https://www.binance.com/zh-CN/nft/collection/hausphases-by-haus-640790881015484417?isBack=1
375,https://www.binance.com/zh-CN/nft/collection/divine-anarchy-641539610626822145?isBack=1
376,https://www.binance.com/zh-CN/nft/collection/tmwstw--the-man-who-sold-the-world-707460441938071553?isBack=1
377,https://www.binance.com/zh-CN/nft/collection/cryptomories-533664222000750593?isBack=1
378,https://www.binance.com/zh-CN/nft/collection/ape-gang-537913829142269953?isBack=1
379,https://www.binance.com/zh-CN/nft/collection/ledger--market--deadfellaz-nano-x-703904496180006913?isBack=1
380,https://www.binance.com/zh-CN/nft/collection/bitmates-706629948352376833?isBack=1
381,https://www.binance.com/zh-CN/nft/collection/walts-vault-706131674409017345?isBack=1
382,https://www.binance.com/zh-CN/nft/collection/very-internet-person-709540388097757185?isBack=1
383,https://www.binance.com/zh-CN/nft/collection/base-introduced-682469011822051329?isBack=1
384,https://www.binance.com/zh-CN/nft/collection/los-muertos-world-640795500281954305?isBack=1
385,https://www.binance.com/zh-CN/nft/collection/ainightbirds-640795982183833601?isBack=1
386,https://www.binance.com/zh-CN/nft/collection/the-superlative-secret-society-641539689485045761?isBack=1
387,https://www.binance.com/zh-CN/nft/collection/lallamapic-677352065880444929?isBack=1
388,https://www.binance.com/zh-CN/nft/collection/liveart-official-membership-nfts-683463569602129921?isBack=1
389,https://www.binance.com/zh-CN/nft/collection/kizuna-716637146085265409?isBack=1
390,https://www.binance.com/zh-CN/nft/collection/the-devs-nft-693074670485606401?isBack=1
391,https://www.binance.com/zh-CN/nft/collection/open-edition-by-kevin-abosch-676831106971553793?isBack=1
392,https://www.binance.com/zh-CN/nft/collection/isekai-meta-641539645632204801?isBack=1
393,https://www.binance.com/zh-CN/nft/collection/nano-agents-673207390237663233?isBack=1
394,https://www.binance.com/zh-CN/nft/collection/genesis-box-663726950074187776?isBack=1
395,https://www.binance.com/zh-CN/nft/collection/swamp-souls-704765178353225729?isBack=1
396,https://www.binance.com/zh-CN/nft/collection/bbrc--ivy-boys-696921027867770881?isBack=1
397,https://www.binance.com/zh-CN/nft/collection/applied-primate-scientist-keycard-662917457065263105?isBack=1
398,https://www.binance.com/zh-CN/nft/collection/bitcoin-miladys-712718828568109057?isBack=1
399,https://www.binance.com/zh-CN/nft/collection/chungos-672625903213744129?isBack=1
400,https://www.binance.com/zh-CN/nft/collection/spoodeemoon-multiverse-706422373583949825?isBack=1
401,https://www.binance.com/zh-CN/nft/collection/wvrps-by-warpsound-official-640796073288310785?isBack=1
402,https://www.binance.com/zh-CN/nft/collection/rebel-bots-701511260512243713?isBack=1
403,https://www.binance.com/zh-CN/nft/collection/chrysalism-larva-676970787746238465?isBack=1
404,https://www.binance.com/zh-CN/nft/collection/county-fair--ai-nostalgia-690937822791614465?isBack=1
405,https://www.binance.com/zh-CN/nft/collection/flappymoonbird-genesis-birds-708415532676616193?isBack=1
406,https://www.binance.com/zh-CN/nft/collection/mcgoblinwtf-640795374272696321?isBack=1
407,https://www.binance.com/zh-CN/nft/collection/cyber-angel-maker-725428809766596609?isBack=1
408,https://www.binance.com/zh-CN/nft/collection/digital-animals-616948695250333696?isBack=1
409,https://www.binance.com/zh-CN/nft/collection/bff-friendship-bracelets-641541697260527617?isBack=1
410,https://www.binance.com/zh-CN/nft/collection/galaxy-of-color-genesis-671232998991769601?isBack=1
411,https://www.binance.com/zh-CN/nft/collection/feetpixwtf-667911113273139201?isBack=1
412,https://www.binance.com/zh-CN/nft/collection/women-and-weapons-641539695091220481?isBack=1
413,https://www.binance.com/zh-CN/nft/collection/9-zones-674434090988511233?isBack=1
414,https://www.binance.com/zh-CN/nft/collection/project-nanopass-640787463072813057?isBack=1
415,https://www.binance.com/zh-CN/nft/collection/supercute-world-682153686912040961?isBack=1
416,https://www.binance.com/zh-CN/nft/collection/ribt-720087369639616513?isBack=1
417,https://www.binance.com/zh-CN/nft/collection/dinks-719381466248007681?isBack=1
418,https://www.binance.com/zh-CN/nft/collection/the-metro-696682666689318913?isBack=1
419,https://www.binance.com/zh-CN/nft/collection/chainfaces-arena-676212026231623681?isBack=1
420,https://www.binance.com/zh-CN/nft/collection/elite-maker-717501592206774273?isBack=1
421,https://www.binance.com/zh-CN/nft/collection/prime-kong-planet-by-pap-641539601046605825?isBack=1
422,https://www.binance.com/zh-CN/nft/collection/flur-alpha-681825261951885313?isBack=1
423,https://www.binance.com/zh-CN/nft/collection/ill-poop-it-nft-641541680792244225?isBack=1
424,https://www.binance.com/zh-CN/nft/collection/fallingwater-by-daniel-catt-723579124979183617?isBack=1
425,https://www.binance.com/zh-CN/nft/collection/alpacadabraz-640794563085914113?isBack=1
426,https://www.binance.com/zh-CN/nft/collection/dendekaden-spirit-key-avatars-694927839257501697?isBack=1
427,https://www.binance.com/zh-CN/nft/collection/hero-galaxy-heroes-641541703451414529?isBack=1
428,https://www.binance.com/zh-CN/nft/collection/mntge-pass-669156855904100353?isBack=1
429,https://www.binance.com/zh-CN/nft/collection/nakafakas-724315232209842177?isBack=1
430,https://www.binance.com/zh-CN/nft/collection/the-kid-next-door-703677991150882817?isBack=1
431,https://www.binance.com/zh-CN/nft/collection/frankys-dinner-688385996948910081?isBack=1
432,https://www.binance.com/zh-CN/nft/collection/we-are-flowers-695150566336311297?isBack=1
433,https://www.binance.com/zh-CN/nft/collection/rug-radio-faces-of-web3-by-cory-van-lew-675098510508990465?isBack=1
434,https://www.binance.com/zh-CN/nft/collection/flysalpha-access-pass-671300968871010305?isBack=1
435,https://www.binance.com/zh-CN/nft/collection/milad-maker-702175611527458817?isBack=1
436,https://www.binance.com/zh-CN/nft/collection/peepee-goblins-714617639531048961?isBack=1
437,https://www.binance.com/zh-CN/nft/collection/xanpass-727671089676218369?isBack=1
438,https://www.binance.com/zh-CN/nft/collection/ezu-632874495484993536?isBack=1
439,https://www.binance.com/zh-CN/nft/collection/crypto-coaster-687729159635554305?isBack=1
440,https://www.binance.com/zh-CN/nft/collection/blocky-doge-3-698238402926624768?isBack=1
441,https://www.binance.com/zh-CN/nft/collection/bammers-722344743685627905?isBack=1
442,https://www.binance.com/zh-CN/nft/collection/girlies-nft-641879185508962305?isBack=1
443,https://www.binance.com/zh-CN/nft/collection/chill-frogs-nft-699910686828617729?isBack=1
444,https://www.binance.com/zh-CN/nft/collection/myoo--origins-673837655220355073?isBack=1
445,https://www.binance.com/zh-CN/nft/collection/momoguro-holoself-683705148777779200?isBack=1
446,https://www.binance.com/zh-CN/nft/collection/the-merge-regenesis-674543671668416513?isBack=1
447,https://www.binance.com/zh-CN/nft/collection/latent-couture-by-mikey-woodbridge-690601872267112449?isBack=1
448,https://www.binance.com/zh-CN/nft/collection/wafuku-gen-668688823643357185?isBack=1
449,https://www.binance.com/zh-CN/nft/collection/glimpses-722892109858058241?isBack=1
450,https://www.binance.com/zh-CN/nft/collection/good-morning-cafe-keekusaurs-694735322599829505?isBack=1
451,https://www.binance.com/zh-CN/nft/collection/dreamzuki-721797385999458305?isBack=1
452,https://www.binance.com/zh-CN/nft/collection/basepunks-681270362454720513?isBack=1
453,https://www.binance.com/zh-CN/nft/collection/joyworld-joytoys-674385060995284993?isBack=1
454,https://www.binance.com/zh-CN/nft/collection/introducing-world-app-710408602362458113?isBack=1
455,https://www.binance.com/zh-CN/nft/collection/fishyfam-640795061411172353?isBack=1
456,https://www.binance.com/zh-CN/nft/collection/tronwars-703130690866434049?isBack=1
457,https://www.binance.com/zh-CN/nft/collection/cryptosimeji-official-678458145779900417?isBack=1
458,https://www.binance.com/zh-CN/nft/collection/another-life-by-violetta-zironi-682047988561956865?isBack=1
459,https://www.binance.com/zh-CN/nft/collection/bluechipgenesis-720381817744134145?isBack=1
460,https://www.binance.com/zh-CN/nft/collection/mangagenesis-721714341891579905?isBack=1
461,https://www.binance.com/zh-CN/nft/collection/hellobot-universe-official-698842451972550657?isBack=1
462,https://www.binance.com/zh-CN/nft/collection/crowd-683833505645830145?isBack=1
463,https://www.binance.com/zh-CN/nft/collection/shroomio-679062057127067649?isBack=1
464,https://www.binance.com/zh-CN/nft/collection/lonelypop-594426770367438848?isBack=1
465,https://www.binance.com/zh-CN/nft/collection/kamiyo-639719802747801601?isBack=1
466,https://www.binance.com/zh-CN/nft/collection/rexbits-695022215540703233?isBack=1
467,https://www.binance.com/zh-CN/nft/collection/dream-girls-nft-683647902649851904?isBack=1
468,https://www.binance.com/zh-CN/nft/collection/odd-boi-697864694277558273?isBack=1
469,https://www.binance.com/zh-CN/nft/collection/sadbros95-710102831337312257?isBack=1
470,https://www.binance.com/zh-CN/nft/collection/wokepixels-716452166030016513?isBack=1
471,https://www.binance.com/zh-CN/nft/collection/sneaky-bat-syndicate-697034233160335361?isBack=1
472,https://www.binance.com/zh-CN/nft/collection/turbotoads-711208871993876481?isBack=1
473,https://www.binance.com/zh-CN/nft/collection/darkflex-669134177642110977?isBack=1
474,https://www.binance.com/zh-CN/nft/collection/free-jojo-668869905895288833?isBack=1
475,https://www.binance.com/zh-CN/nft/collection/metaverse-ape-clubs-671633153104715777?isBack=1
476,https://www.binance.com/zh-CN/nft/collection/eth-maxi-biz-emb-727006710379950081?isBack=1
477,https://www.binance.com/zh-CN/nft/collection/outlaws-698936751102320641?isBack=1
478,https://www.binance.com/zh-CN/nft/collection/danks-719649485407936513?isBack=1
479,https://www.binance.com/zh-CN/nft/collection/pepe-boringpunks-721419895383150593?isBack=1
480,https://www.binance.com/zh-CN/nft/collection/approving-corgis-507843460983742464?isBack=1
481,https://www.binance.com/zh-CN/nft/collection/lil-guyz-factory-726466907657007105?isBack=1
482,https://www.binance.com/zh-CN/nft/collection/boringapes-721574673506967553?isBack=1
483,https://www.binance.com/zh-CN/nft/collection/edelstein-724711585490182145?isBack=1
484,https://www.binance.com/zh-CN/nft/collection/cryptoblurs-678084361479766017?isBack=1
